word,source
good,amazon
case,amazon
excellent,amazon
great,amazon
charger,amazon
get,amazon
one,amazon
money,amazon
time,amazon
sound,amazon
quality,amazon
battery,amazon
headset,amazon
ear,amazon
comfortable,amazon
recommend,amazon
phone,amazon
works,amazon
would,amazon
could,amazon
bought,amazon
use,amazon
new,amazon
ive,amazon
best,amazon
doesnt,amazon
product,amazon
like,amazon
car,amazon
well,amazon
first,amazon
nice,amazon
bluetooth,amazon
buy,amazon
love,amazon
price,amazon
even,amazon
really,amazon
work,amazon
item,amazon
worked,amazon
easy,amazon
better,amazon
dont,amazon
service,amazon
used,amazon
ever,amazon
movie,imbd
characters,imbd
even,imbd
acting,imbd
plot,imbd
little,imbd
best,imbd
good,imbd
made,imbd
look,imbd
everything,imbd
see,imbd
film,imbd
ever,imbd
think,imbd
every,imbd
films,imbd
one,imbd
love,imbd
time,imbd
character,imbd
make,imbd
would,imbd
funny,imbd
dont,imbd
much,imbd
better,imbd
like,imbd
story,imbd
real,imbd
work,imbd
scenes,imbd
seen,imbd
didnt,imbd
cast,imbd
actors,imbd
well,imbd
really,imbd
great,imbd
movies,imbd
could,imbd
script,imbd
way,imbd
watch,imbd
bad,imbd
watching,imbd
never,imbd
show,imbd
wonderful,imbd
place,yelp
good,yelp
great,yelp
like,yelp
could,yelp
made,yelp
time,yelp
service,yelp
would,yelp
go,yelp
back,yelp
ever,yelp
say,yelp
pretty,yelp
vegas,yelp
food,yelp
amazing,yelp
never,yelp
friendly,yelp
staff,yelp
get,yelp
restaurant,yelp
came,yelp
first,yelp
eat,yelp
bad,yelp
nice,yelp
us,yelp
one,yelp
dont,yelp
much,yelp
think,yelp
minutes,yelp
delicious,yelp
definitely,yelp
got,yelp
really,yelp
well,yelp
ive,yelp
going,yelp
love,yelp
chicken,yelp
experience,yelp
best,yelp
better,yelp
even,yelp
disappointed,yelp
wont,yelp
